{
  "Blog page 28tharik" : {
    "transaction" : "Blog page 28tharik",
    "sampleCount" : 20,
    "errorCount" : 9,
    "errorPct" : 45.0,
    "meanResTime" : 2046.8,
    "medianResTime" : 1050.5,
    "minResTime" : 344.0,
    "maxResTime" : 11399.0,
    "pct1ResTime" : 5459.400000000003,
    "pct2ResTime" : 11109.399999999996,
    "pct3ResTime" : 11399.0,
    "throughput" : 1.1063170704723972,
    "receivedKBytesPerSec" : 78.74287376230778,
    "sentKBytesPerSec" : 0.13180730722425046
  },
  "Total" : {
    "transaction" : "Total",
    "sampleCount" : 80,
    "errorCount" : 54,
    "errorPct" : 67.5,
    "meanResTime" : 2840.4625000000005,
    "medianResTime" : 2111.0,
    "minResTime" : 1.0,
    "maxResTime" : 14498.0,
    "pct1ResTime" : 7233.600000000002,
    "pct2ResTime" : 9137.900000000001,
    "pct3ResTime" : 14498.0,
    "throughput" : 3.093820094361513,
    "receivedKBytesPerSec" : 348.11499795759534,
    "sentKBytesPerSec" : 0.34903668593858767
  },
  "About Page 28tharik" : {
    "transaction" : "About Page 28tharik",
    "sampleCount" : 20,
    "errorCount" : 12,
    "errorPct" : 60.0,
    "meanResTime" : 1898.35,
    "medianResTime" : 1733.0,
    "minResTime" : 1.0,
    "maxResTime" : 3817.0,
    "pct1ResTime" : 3710.400000000001,
    "pct2ResTime" : 3814.0,
    "pct3ResTime" : 3817.0,
    "throughput" : 0.9816432708353784,
    "receivedKBytesPerSec" : 127.81484290640032,
    "sentKBytesPerSec" : 0.11201661737999412
  },
  "Home Page 28tharik" : {
    "transaction" : "Home Page 28tharik",
    "sampleCount" : 20,
    "errorCount" : 20,
    "errorPct" : 100.0,
    "meanResTime" : 5813.299999999999,
    "medianResTime" : 4512.0,
    "minResTime" : 2385.0,
    "maxResTime" : 14498.0,
    "pct1ResTime" : 12375.200000000008,
    "pct2ResTime" : 14409.699999999999,
    "pct3ResTime" : 14498.0,
    "throughput" : 1.1411617026132603,
    "receivedKBytesPerSec" : 210.64574596314048,
    "sentKBytesPerSec" : 0.13038663984936666
  },
  "Contact Page  28tharik" : {
    "transaction" : "Contact Page  28tharik",
    "sampleCount" : 20,
    "errorCount" : 13,
    "errorPct" : 65.0,
    "meanResTime" : 1603.4,
    "medianResTime" : 1266.0,
    "minResTime" : 2.0,
    "maxResTime" : 5278.0,
    "pct1ResTime" : 4762.400000000004,
    "pct2ResTime" : 5261.5,
    "pct3ResTime" : 5278.0,
    "throughput" : 1.2594458438287153,
    "receivedKBytesPerSec" : 80.74099447024558,
    "sentKBytesPerSec" : 0.13067980557304784
  }
}